Workbook

Sheet Base de dados
A1: Cliente | B1: CD_USU | C1: Nota | D1: Nota válida | E1: Carteira válida | F1: Limite 2 avaliações | G1: Válido para apuração
A2: 1 | B2: A | C2: 1 | D2: =IF(AND(C2>0,C2<=5),"SIM","NÃO") -> SIM | E2: =IF(OR(B2="A",B2="B",B2="C",B2="E"),"SIM","NÃO") -> SIM | F2: =IF(COUNTIFS($A$2:A2,A2,$B$2:B2,B2)<=2,"SIM","NÃO") -> SIM | G2: =IF(AND(D2="SIM",E2="SIM",F2="SIM"),"SIM","NÃO") -> SIM
A3: 2 | B3: A | C3: 1 | D3: =IF(AND(C3>0,C3<=5),"SIM","NÃO") -> SIM | E3: =IF(OR(B3="A",B3="B",B3="C",B3="E"),"SIM","NÃO") -> SIM | F3: =IF(COUNTIFS($A$2:A3,A3,$B$2:B3,B3)<=2,"SIM","NÃO") -> SIM | G3: =IF(AND(D3="SIM",E3="SIM",F3="SIM"),"SIM","NÃO") -> SIM
A4: 3 | B4: A | C4: 1 | D4: =IF(AND(C4>0,C4<=5),"SIM","NÃO") -> SIM | E4: =IF(OR(B4="A",B4="B",B4="C",B4="E"),"SIM","NÃO") -> SIM | F4: =IF(COUNTIFS($A$2:A4,A4,$B$2:B4,B4)<=2,"SIM","NÃO") -> SIM | G4: =IF(AND(D4="SIM",E4="SIM",F4="SIM"),"SIM","NÃO") -> SIM
A5: 4 | B5: A | C5: 1 | D5: =IF(AND(C5>0,C5<=5),"SIM","NÃO") -> SIM | E5: =IF(OR(B5="A",B5="B",B5="C",B5="E"),"SIM","NÃO") -> SIM | F5: =IF(COUNTIFS($A$2:A5,A5,$B$2:B5,B5)<=2,"SIM","NÃO") -> SIM | G5: =IF(AND(D5="SIM",E5="SIM",F5="SIM"),"SIM","NÃO") -> SIM
A6: 5 | B6: B | C6: 5 | D6: =IF(AND(C6>0,C6<=5),"SIM","NÃO") -> SIM | E6: =IF(OR(B6="A",B6="B",B6="C",B6="E"),"SIM","NÃO") -> SIM | F6: =IF(COUNTIFS($A$2:A6,A6,$B$2:B6,B6)<=2,"SIM","NÃO") -> SIM | G6: =IF(AND(D6="SIM",E6="SIM",F6="SIM"),"SIM","NÃO") -> SIM
A7: 6 | B7: B | C7: 5 | D7: =IF(AND(C7>0,C7<=5),"SIM","NÃO") -> SIM | E7: =IF(OR(B7="A",B7="B",B7="C",B7="E"),"SIM","NÃO") -> SIM | F7: =IF(COUNTIFS($A$2:A7,A7,$B$2:B7,B7)<=2,"SIM","NÃO") -> SIM | G7: =IF(AND(D7="SIM",E7="SIM",F7="SIM"),"SIM","NÃO") -> SIM
A8: 7 | B8: B | C8: 5 | D8: =IF(AND(C8>0,C8<=5),"SIM","NÃO") -> SIM | E8: =IF(OR(B8="A",B8="B",B8="C",B8="E"),"SIM","NÃO") -> SIM | F8: =IF(COUNTIFS($A$2:A8,A8,$B$2:B8,B8)<=2,"SIM","NÃO") -> SIM | G8: =IF(AND(D8="SIM",E8="SIM",F8="SIM"),"SIM","NÃO") -> SIM
A9: 8 | B9: B | C9: 4 | D9: =IF(AND(C9>0,C9<=5),"SIM","NÃO") -> SIM | E9: =IF(OR(B9="A",B9="B",B9="C",B9="E"),"SIM","NÃO") -> SIM | F9: =IF(COUNTIFS($A$2:A9,A9,$B$2:B9,B9)<=2,"SIM","NÃO") -> SIM | G9: =IF(AND(D9="SIM",E9="SIM",F9="SIM"),"SIM","NÃO") -> SIM
A10: 9 | B10: C | C10: 5 | D10: =IF(AND(C10>0,C10<=5),"SIM","NÃO") -> SIM | E10: =IF(OR(B10="A",B10="B",B10="C",B10="E"),"SIM","NÃO") -> SIM | F10: =IF(COUNTIFS($A$2:A10,A10,$B$2:B10,B10)<=2,"SIM","NÃO") -> SIM | G10: =IF(AND(D10="SIM",E10="SIM",F10="SIM"),"SIM","NÃO") -> SIM
A11: 10 | B11: C | C11: 3 | D11: =IF(AND(C11>0,C11<=5),"SIM","NÃO") -> SIM | E11: =IF(OR(B11="A",B11="B",B11="C",B11="E"),"SIM","NÃO") -> SIM | F11: =IF(COUNTIFS($A$2:A11,A11,$B$2:B11,B11)<=2,"SIM","NÃO") -> SIM | G11: =IF(AND(D11="SIM",E11="SIM",F11="SIM"),"SIM","NÃO") -> SIM
A12: 11 | B12: A | C12: 3 | D12: =IF(AND(C12>0,C12<=5),"SIM","NÃO") -> SIM | E12: =IF(OR(B12="A",B12="B",B12="C",B12="E"),"SIM","NÃO") -> SIM | F12: =IF(COUNTIFS($A$2:A12,A12,$B$2:B12,B12)<=2,"SIM","NÃO") -> SIM | G12: =IF(AND(D12="SIM",E12="SIM",F12="SIM"),"SIM","NÃO") -> SIM
A13: 12 | B13: A | C13: 2 | D13: =IF(AND(C13>0,C13<=5),"SIM","NÃO") -> SIM | E13: =IF(OR(B13="A",B13="B",B13="C",B13="E"),"SIM","NÃO") -> SIM | F13: =IF(COUNTIFS($A$2:A13,A13,$B$2:B13,B13)<=2,"SIM","NÃO") -> SIM | G13: =IF(AND(D13="SIM",E13="SIM",F13="SIM"),"SIM","NÃO") -> SIM
... A55: 54 | B55: D | C55: 3 | D55: =IF(AND(C55>0,C55<=5),"SIM","NÃO") -> SIM | E55: =IF(OR(B55="A",B55="B",B55="C",B55="E"),"SIM","NÃO") -> NÃO | F55: =IF(COUNTIFS($A$2:A55,A55,$B$2:B55,B55)<=2,"SIM","NÃO") -> SIM | G55: =IF(AND(D55="SIM",E55="SIM",F55="SIM"),"SIM","NÃO") -> NÃO
A56: 55 | B56: D | D56: =IF(AND(C56>0,C56<=5),"SIM","NÃO") -> NÃO | E56: =IF(OR(B56="A",B56="B",B56="C",B56="E"),"SIM","NÃO") -> NÃO | F56: =IF(COUNTIFS($A$2:A56,A56,$B$2:B56,B56)<=2,"SIM","NÃO") -> SIM | G56: =IF(AND(D56="SIM",E56="SIM",F56="SIM"),"SIM","NÃO") -> NÃO
A57: 56 | B57: D | C57: 2 | D57: =IF(AND(C57>0,C57<=5),"SIM","NÃO") -> SIM | E57: =IF(OR(B57="A",B57="B",B57="C",B57="E"),"SIM","NÃO") -> NÃO | F57: =IF(COUNTIFS($A$2:A57,A57,$B$2:B57,B57)<=2,"SIM","NÃO") -> SIM | G57: =IF(AND(D57="SIM",E57="SIM",F57="SIM"),"SIM","NÃO") -> NÃO
A58: 57 | B58: D | C58: 3 | D58: =IF(AND(C58>0,C58<=5),"SIM","NÃO") -> SIM | E58: =IF(OR(B58="A",B58="B",B58="C",B58="E"),"SIM","NÃO") -> NÃO | F58: =IF(COUNTIFS($A$2:A58,A58,$B$2:B58,B58)<=2,"SIM","NÃO") -> SIM | G58: =IF(AND(D58="SIM",E58="SIM",F58="SIM"),"SIM","NÃO") -> NÃO
A59: 58 | B59: D | C59: 4 | D59: =IF(AND(C59>0,C59<=5),"SIM","NÃO") -> SIM | E59: =IF(OR(B59="A",B59="B",B59="C",B59="E"),"SIM","NÃO") -> NÃO | F59: =IF(COUNTIFS($A$2:A59,A59,$B$2:B59,B59)<=2,"SIM","NÃO") -> SIM | G59: =IF(AND(D59="SIM",E59="SIM",F59="SIM"),"SIM","NÃO") -> NÃO
A60: 59 | B60: D | C60: 1 | D60: =IF(AND(C60>0,C60<=5),"SIM","NÃO") -> SIM | E60: =IF(OR(B60="A",B60="B",B60="C",B60="E"),"SIM","NÃO") -> NÃO | F60: =IF(COUNTIFS($A$2:A60,A60,$B$2:B60,B60)<=2,"SIM","NÃO") -> SIM | G60: =IF(AND(D60="SIM",E60="SIM",F60="SIM"),"SIM","NÃO") -> NÃO
A61: 60 | B61: D | C61: 3 | D61: =IF(AND(C61>0,C61<=5),"SIM","NÃO") -> SIM | E61: =IF(OR(B61="A",B61="B",B61="C",B61="E"),"SIM","NÃO") -> NÃO | F61: =IF(COUNTIFS($A$2:A61,A61,$B$2:B61,B61)<=2,"SIM","NÃO") -> SIM | G61: =IF(AND(D61="SIM",E61="SIM",F61="SIM"),"SIM","NÃO") -> NÃO
A62: 61 | B62: D | C62: 2 | D62: =IF(AND(C62>0,C62<=5),"SIM","NÃO") -> SIM | E62: =IF(OR(B62="A",B62="B",B62="C",B62="E"),"SIM","NÃO") -> NÃO | F62: =IF(COUNTIFS($A$2:A62,A62,$B$2:B62,B62)<=2,"SIM","NÃO") -> SIM | G62: =IF(AND(D62="SIM",E62="SIM",F62="SIM"),"SIM","NÃO") -> NÃO
A63: 62 | B63: D | C63: 4 | D63: =IF(AND(C63>0,C63<=5),"SIM","NÃO") -> SIM | E63: =IF(OR(B63="A",B63="B",B63="C",B63="E"),"SIM","NÃO") -> NÃO | F63: =IF(COUNTIFS($A$2:A63,A63,$B$2:B63,B63)<=2,"SIM","NÃO") -> SIM | G63: =IF(AND(D63="SIM",E63="SIM",F63="SIM"),"SIM","NÃO") -> NÃO
A64: 63 | B64: D | C64: 5 | D64: =IF(AND(C64>0,C64<=5),"SIM","NÃO") -> SIM | E64: =IF(OR(B64="A",B64="B",B64="C",B64="E"),"SIM","NÃO") -> NÃO | F64: =IF(COUNTIFS($A$2:A64,A64,$B$2:B64,B64)<=2,"SIM","NÃO") -> SIM | G64: =IF(AND(D64="SIM",E64="SIM",F64="SIM"),"SIM","NÃO") -> NÃO
A65: 64 | B65: D | C65: 3 | D65: =IF(AND(C65>0,C65<=5),"SIM","NÃO") -> SIM | E65: =IF(OR(B65="A",B65="B",B65="C",B65="E"),"SIM","NÃO") -> NÃO | F65: =IF(COUNTIFS($A$2:A65,A65,$B$2:B65,B65)<=2,"SIM","NÃO") -> SIM | G65: =IF(AND(D65="SIM",E65="SIM",F65="SIM"),"SIM","NÃO") -> NÃO
A66: 65 | B66: A | C66: 2 | D66: =IF(AND(C66>0,C66<=5),"SIM","NÃO") -> SIM | E66: =IF(OR(B66="A",B66="B",B66="C",B66="E"),"SIM","NÃO") -> SIM | F66: =IF(COUNTIFS($A$2:A66,A66,$B$2:B66,B66)<=2,"SIM","NÃO") -> SIM | G66: =IF(AND(D66="SIM",E66="SIM",F66="SIM"),"SIM","NÃO") -> SIM
A67: 66 | B67: A | C67: 1 | D67: =IF(AND(C67>0,C67<=5),"SIM","NÃO") -> SIM | E67: =IF(OR(B67="A",B67="B",B67="C",B67="E"),"SIM","NÃO") -> SIM | F67: =IF(COUNTIFS($A$2:A67,A67,$B$2:B67,B67)<=2,"SIM","NÃO") -> SIM | G67: =IF(AND(D67="SIM",E67="SIM",F67="SIM"),"SIM","NÃO") -> SIM
A68: 67 | B68: A | C68: 1 | D68: =IF(AND(C68>0,C68<=5),"SIM","NÃO") -> SIM | E68: =IF(OR(B68="A",B68="B",B68="C",B68="E"),"SIM","NÃO") -> SIM | F68: =IF(COUNTIFS($A$2:A68,A68,$B$2:B68,B68)<=2,"SIM","NÃO") -> SIM | G68: =IF(AND(D68="SIM",E68="SIM",F68="SIM"),"SIM","NÃO") -> SIM
... A91: 90 | B91: E | C91: 1 | D91: =IF(AND(C91>0,C91<=5),"SIM","NÃO") -> SIM | E91: =IF(OR(B91="A",B91="B",B91="C",B91="E"),"SIM","NÃO") -> SIM | F91: =IF(COUNTIFS($A$2:A91,A91,$B$2:B91,B91)<=2,"SIM","NÃO") -> SIM | G91: =IF(AND(D91="SIM",E91="SIM",F91="SIM"),"SIM","NÃO") -> SIM
A92: 91 | B92: E | D92: =IF(AND(C92>0,C92<=5),"SIM","NÃO") -> NÃO | E92: =IF(OR(B92="A",B92="B",B92="C",B92="E"),"SIM","NÃO") -> SIM | F92: =IF(COUNTIFS($A$2:A92,A92,$B$2:B92,B92)<=2,"SIM","NÃO") -> SIM | G92: =IF(AND(D92="SIM",E92="SIM",F92="SIM"),"SIM","NÃO") -> NÃO
A93: 92 | B93: E | C93: 3 | D93: =IF(AND(C93>0,C93<=5),"SIM","NÃO") -> SIM | E93: =IF(OR(B93="A",B93="B",B93="C",B93="E"),"SIM","NÃO") -> SIM | F93: =IF(COUNTIFS($A$2:A93,A93,$B$2:B93,B93)<=2,"SIM","NÃO") -> SIM | G93: =IF(AND(D93="SIM",E93="SIM",F93="SIM"),"SIM","NÃO") -> SIM
A94: 93 | B94: E | C94: 0 | D94: =IF(AND(C94>0,C94<=5),"SIM","NÃO") -> NÃO | E94: =IF(OR(B94="A",B94="B",B94="C",B94="E"),"SIM","NÃO") -> SIM | F94: =IF(COUNTIFS($A$2:A94,A94,$B$2:B94,B94)<=2,"SIM","NÃO") -> SIM | G94: =IF(AND(D94="SIM",E94="SIM",F94="SIM"),"SIM","NÃO") -> NÃO
A95: 94 | B95: E | C95: 4 | D95: =IF(AND(C95>0,C95<=5),"SIM","NÃO") -> SIM | E95: =IF(OR(B95="A",B95="B",B95="C",B95="E"),"SIM","NÃO") -> SIM | F95: =IF(COUNTIFS($A$2:A95,A95,$B$2:B95,B95)<=2,"SIM","NÃO") -> SIM | G95: =IF(AND(D95="SIM",E95="SIM",F95="SIM"),"SIM","NÃO") -> SIM
A96: 95 | B96: E | C96: 3 | D96: =IF(AND(C96>0,C96<=5),"SIM","NÃO") -> SIM | E96: =IF(OR(B96="A",B96="B",B96="C",B96="E"),"SIM","NÃO") -> SIM | F96: =IF(COUNTIFS($A$2:A96,A96,$B$2:B96,B96)<=2,"SIM","NÃO") -> SIM | G96: =IF(AND(D96="SIM",E96="SIM",F96="SIM"),"SIM","NÃO") -> SIM
A97: 96 | B97: E | C97: 5 | D97: =IF(AND(C97>0,C97<=5),"SIM","NÃO") -> SIM | E97: =IF(OR(B97="A",B97="B",B97="C",B97="E"),"SIM","NÃO") -> SIM | F97: =IF(COUNTIFS($A$2:A97,A97,$B$2:B97,B97)<=2,"SIM","NÃO") -> SIM | G97: =IF(AND(D97="SIM",E97="SIM",F97="SIM"),"SIM","NÃO") -> SIM
A98: 97 | B98: E | C98: 4 | D98: =IF(AND(C98>0,C98<=5),"SIM","NÃO") -> SIM | E98: =IF(OR(B98="A",B98="B",B98="C",B98="E"),"SIM","NÃO") -> SIM | F98: =IF(COUNTIFS($A$2:A98,A98,$B$2:B98,B98)<=2,"SIM","NÃO") -> SIM | G98: =IF(AND(D98="SIM",E98="SIM",F98="SIM"),"SIM","NÃO") -> SIM
A99: 98 | B99: E | C99: 5 | D99: =IF(AND(C99>0,C99<=5),"SIM","NÃO") -> SIM | E99: =IF(OR(B99="A",B99="B",B99="C",B99="E"),"SIM","NÃO") -> SIM | F99: =IF(COUNTIFS($A$2:A99,A99,$B$2:B99,B99)<=2,"SIM","NÃO") -> SIM | G99: =IF(AND(D99="SIM",E99="SIM",F99="SIM"),"SIM","NÃO") -> SIM
A100: 99 | B100: E | C100: 2 | D100: =IF(AND(C100>0,C100<=5),"SIM","NÃO") -> SIM | E100: =IF(OR(B100="A",B100="B",B100="C",B100="E"),"SIM","NÃO") -> SIM | F100: =IF(COUNTIFS($A$2:A100,A100,$B$2:B100,B100)<=2,"SIM","NÃO") -> SIM | G100: =IF(AND(D100="SIM",E100="SIM",F100="SIM"),"SIM","NÃO") -> SIM
A101: 100 | B101: E | C101: 1 | D101: =IF(AND(C101>0,C101<=5),"SIM","NÃO") -> SIM | E101: =IF(OR(B101="A",B101="B",B101="C",B101="E"),"SIM","NÃO") -> SIM | F101: =IF(COUNTIFS($A$2:A101,A101,$B$2:B101,B101)<=2,"SIM","NÃO") -> SIM | G101: =IF(AND(D101="SIM",E101="SIM",F101="SIM"),"SIM","NÃO") -> SIM
A102: 29 | B102: B | C102: 5 | D102: =IF(AND(C102>0,C102<=5),"SIM","NÃO") -> SIM | E102: =IF(OR(B102="A",B102="B",B102="C",B102="E"),"SIM","NÃO") -> SIM | F102: =IF(COUNTIFS($A$2:A102,A102,$B$2:B102,B102)<=2,"SIM","NÃO") -> SIM | G102: =IF(AND(D102="SIM",E102="SIM",F102="SIM"),"SIM","NÃO") -> SIM
A103: 29 | B103: B | C103: 5 | D103: =IF(AND(C103>0,C103<=5),"SIM","NÃO") -> SIM | E103: =IF(OR(B103="A",B103="B",B103="C",B103="E"),"SIM","NÃO") -> SIM | F103: =IF(COUNTIFS($A$2:A103,A103,$B$2:B103,B103)<=2,"SIM","NÃO") -> NÃO | G103: =IF(AND(D103="SIM",E103="SIM",F103="SIM"),"SIM","NÃO") -> NÃO
A104: 84 | B104: E | C104: 2 | D104: =IF(AND(C104>0,C104<=5),"SIM","NÃO") -> SIM | E104: =IF(OR(B104="A",B104="B",B104="C",B104="E"),"SIM","NÃO") -> SIM | F104: =IF(COUNTIFS($A$2:A104,A104,$B$2:B104,B104)<=2,"SIM","NÃO") -> SIM | G104: =IF(AND(D104="SIM",E104="SIM",F104="SIM"),"SIM","NÃO") -> SIM
... A128: 69 | B128: A | C128: 1 | D128: =IF(AND(C128>0,C128<=5),"SIM","NÃO") -> SIM | E128: =IF(OR(B128="A",B128="B",B128="C",B128="E"),"SIM","NÃO") -> SIM | F128: =IF(COUNTIFS($A$2:A128,A128,$B$2:B128,B128)<=2,"SIM","NÃO") -> SIM | G128: =IF(AND(D128="SIM",E128="SIM",F128="SIM"),"SIM","NÃO") -> SIM
A129: 70 | B129: B | C129: C | D129: =IF(AND(C129>0,C129<=5),"SIM","NÃO") -> NÃO | E129: =IF(OR(B129="A",B129="B",B129="C",B129="E"),"SIM","NÃO") -> SIM | F129: =IF(COUNTIFS($A$2:A129,A129,$B$2:B129,B129)<=2,"SIM","NÃO") -> SIM | G129: =IF(AND(D129="SIM",E129="SIM",F129="SIM"),"SIM","NÃO") -> NÃO
A130: 29 | B130: B | C130: 5 | D130: =IF(AND(C130>0,C130<=5),"SIM","NÃO") -> SIM | E130: =IF(OR(B130="A",B130="B",B130="C",B130="E"),"SIM","NÃO") -> SIM | F130: =IF(COUNTIFS($A$2:A130,A130,$B$2:B130,B130)<=2,"SIM","NÃO") -> NÃO | G130: =IF(AND(D130="SIM",E130="SIM",F130="SIM"),"SIM","NÃO") -> NÃO
A131: 30 | B131: C | C131: 1 | D131: =IF(AND(C131>0,C131<=5),"SIM","NÃO") -> SIM | E131: =IF(OR(B131="A",B131="B",B131="C",B131="E"),"SIM","NÃO") -> SIM | F131: =IF(COUNTIFS($A$2:A131,A131,$B$2:B131,B131)<=2,"SIM","NÃO") -> SIM | G131: =IF(AND(D131="SIM",E131="SIM",F131="SIM"),"SIM","NÃO") -> SIM
A132: 31 | B132: C | C132: 4 | D132: =IF(AND(C132>0,C132<=5),"SIM","NÃO") -> SIM | E132: =IF(OR(B132="A",B132="B",B132="C",B132="E"),"SIM","NÃO") -> SIM | F132: =IF(COUNTIFS($A$2:A132,A132,$B$2:B132,B132)<=2,"SIM","NÃO") -> SIM | G132: =IF(AND(D132="SIM",E132="SIM",F132="SIM"),"SIM","NÃO") -> SIM
A133: 32 | B133: C | C133: 2 | D133: =IF(AND(C133>0,C133<=5),"SIM","NÃO") -> SIM | E133: =IF(OR(B133="A",B133="B",B133="C",B133="E"),"SIM","NÃO") -> SIM | F133: =IF(COUNTIFS($A$2:A133,A133,$B$2:B133,B133)<=2,"SIM","NÃO") -> SIM | G133: =IF(AND(D133="SIM",E133="SIM",F133="SIM"),"SIM","NÃO") -> SIM
A134: 33 | B134: C | C134: 4 | D134: =IF(AND(C134>0,C134<=5),"SIM","NÃO") -> SIM | E134: =IF(OR(B134="A",B134="B",B134="C",B134="E"),"SIM","NÃO") -> SIM | F134: =IF(COUNTIFS($A$2:A134,A134,$B$2:B134,B134)<=2,"SIM","NÃO") -> SIM | G134: =IF(AND(D134="SIM",E134="SIM",F134="SIM"),"SIM","NÃO") -> SIM
A135: 9 | B135: C | C135: 5 | D135: =IF(AND(C135>0,C135<=5),"SIM","NÃO") -> SIM | E135: =IF(OR(B135="A",B135="B",B135="C",B135="E"),"SIM","NÃO") -> SIM | F135: =IF(COUNTIFS($A$2:A135,A135,$B$2:B135,B135)<=2,"SIM","NÃO") -> NÃO | G135: =IF(AND(D135="SIM",E135="SIM",F135="SIM"),"SIM","NÃO") -> NÃO
A136: 10 | B136: C | C136: 3 | D136: =IF(AND(C136>0,C136<=5),"SIM","NÃO") -> SIM | E136: =IF(OR(B136="A",B136="B",B136="C",B136="E"),"SIM","NÃO") -> SIM | F136: =IF(COUNTIFS($A$2:A136,A136,$B$2:B136,B136)<=2,"SIM","NÃO") -> NÃO | G136: =IF(AND(D136="SIM",E136="SIM",F136="SIM"),"SIM","NÃO") -> NÃO
A137: 11 | B137: A | C137: 1 | D137: =IF(AND(C137>0,C137<=5),"SIM","NÃO") -> SIM | E137: =IF(OR(B137="A",B137="B",B137="C",B137="E"),"SIM","NÃO") -> SIM | F137: =IF(COUNTIFS($A$2:A137,A137,$B$2:B137,B137)<=2,"SIM","NÃO") -> NÃO | G137: =IF(AND(D137="SIM",E137="SIM",F137="SIM"),"SIM","NÃO") -> NÃO
A138: 1 | B138: AA | C138: 1 | D138: =IF(AND(C138>0,C138<=5),"SIM","NÃO") -> SIM | E138: =IF(OR(B138="A",B138="B",B138="C",B138="E"),"SIM","NÃO") -> NÃO | F138: =IF(COUNTIFS($A$2:A138,A138,$B$2:B138,B138)<=2,"SIM","NÃO") -> SIM | G138: =IF(AND(D138="SIM",E138="SIM",F138="SIM"),"SIM","NÃO") -> NÃO
A139: E | B139: AA | C139: 1 | D139: =IF(AND(C139>0,C139<=5),"SIM","NÃO") -> SIM | E139: =IF(OR(B139="A",B139="B",B139="C",B139="E"),"SIM","NÃO") -> NÃO | F139: =IF(COUNTIFS($A$2:A139,A139,$B$2:B139,B139)<=2,"SIM","NÃO") -> SIM | G139: =IF(AND(D139="SIM",E139="SIM",F139="SIM"),"SIM","NÃO") -> NÃO
A140: 69 | B140: A | C140: 2 | D140: =IF(AND(C140>0,C140<=5),"SIM","NÃO") -> SIM | E140: =IF(OR(B140="A",B140="B",B140="C",B140="E"),"SIM","NÃO") -> SIM | F140: =IF(COUNTIFS($A$2:A140,A140,$B$2:B140,B140)<=2,"SIM","NÃO") -> NÃO | G140: =IF(AND(D140="SIM",E140="SIM",F140="SIM"),"SIM","NÃO") -> NÃO
A141: 70 | B141: B | C141: 5 | D141: =IF(AND(C141>0,C141<=5),"SIM","NÃO") -> SIM | E141: =IF(OR(B141="A",B141="B",B141="C",B141="E"),"SIM","NÃO") -> SIM | F141: =IF(COUNTIFS($A$2:A141,A141,$B$2:B141,B141)<=2,"SIM","NÃO") -> NÃO | G141: =IF(AND(D141="SIM",E141="SIM",F141="SIM"),"SIM","NÃO") -> NÃO
A142: 71 | B142: B | C142: 5 | D142: =IF(AND(C142>0,C142<=5),"SIM","NÃO") -> SIM | E142: =IF(OR(B142="A",B142="B",B142="C",B142="E"),"SIM","NÃO") -> SIM | F142: =IF(COUNTIFS($A$2:A142,A142,$B$2:B142,B142)<=2,"SIM","NÃO") -> SIM | G142: =IF(AND(D142="SIM",E142="SIM",F142="SIM"),"SIM","NÃO") -> SIM
A143: 72 | B143: B | C143: 5 | D143: =IF(AND(C143>0,C143<=5),"SIM","NÃO") -> SIM | E143: =IF(OR(B143="A",B143="B",B143="C",B143="E"),"SIM","NÃO") -> SIM | F143: =IF(COUNTIFS($A$2:A143,A143,$B$2:B143,B143)<=2,"SIM","NÃO") -> NÃO | G143: =IF(AND(D143="SIM",E143="SIM",F143="SIM"),"SIM","NÃO") -> NÃO
A144: 52 | B144: D | C144: 4 | D144: =IF(AND(C144>0,C144<=5),"SIM","NÃO") -> SIM | E144: =IF(OR(B144="A",B144="B",B144="C",B144="E"),"SIM","NÃO") -> NÃO | F144: =IF(COUNTIFS($A$2:A144,A144,$B$2:B144,B144)<=2,"SIM","NÃO") -> SIM | G144: =IF(AND(D144="SIM",E144="SIM",F144="SIM"),"SIM","NÃO") -> NÃO
A145: 53 | B145: C | C145: 3 | D145: =IF(AND(C145>0,C145<=5),"SIM","NÃO") -> SIM | E145: =IF(OR(B145="A",B145="B",B145="C",B145="E"),"SIM","NÃO") -> SIM | F145: =IF(COUNTIFS($A$2:A145,A145,$B$2:B145,B145)<=2,"SIM","NÃO") -> SIM | G145: =IF(AND(D145="SIM",E145="SIM",F145="SIM"),"SIM","NÃO") -> SIM
A146: 54 | B146: D | C146: 3 | D146: =IF(AND(C146>0,C146<=5),"SIM","NÃO") -> SIM | E146: =IF(OR(B146="A",B146="B",B146="C",B146="E"),"SIM","NÃO") -> NÃO | F146: =IF(COUNTIFS($A$2:A146,A146,$B$2:B146,B146)<=2,"SIM","NÃO") -> SIM | G146: =IF(AND(D146="SIM",E146="SIM",F146="SIM"),"SIM","NÃO") -> NÃO
A147: 55 | B147: D | D147: =IF(AND(C147>0,C147<=5),"SIM","NÃO") -> NÃO | E147: =IF(OR(B147="A",B147="B",B147="C",B147="E"),"SIM","NÃO") -> NÃO | F147: =IF(COUNTIFS($A$2:A147,A147,$B$2:B147,B147)<=2,"SIM","NÃO") -> SIM | G147: =IF(AND(D147="SIM",E147="SIM",F147="SIM"),"SIM","NÃO") -> NÃO
A148: 56 | B148: C | C148: 2 | D148: =IF(AND(C148>0,C148<=5),"SIM","NÃO") -> SIM | E148: =IF(OR(B148="A",B148="B",B148="C",B148="E"),"SIM","NÃO") -> SIM | F148: =IF(COUNTIFS($A$2:A148,A148,$B$2:B148,B148)<=2,"SIM","NÃO") -> SIM | G148: =IF(AND(D148="SIM",E148="SIM",F148="SIM"),"SIM","NÃO") -> SIM
A149: 57 | B149: D | C149: 3 | D149: =IF(AND(C149>0,C149<=5),"SIM","NÃO") -> SIM | E149: =IF(OR(B149="A",B149="B",B149="C",B149="E"),"SIM","NÃO") -> NÃO | F149: =IF(COUNTIFS($A$2:A149,A149,$B$2:B149,B149)<=2,"SIM","NÃO") -> SIM | G149: =IF(AND(D149="SIM",E149="SIM",F149="SIM"),"SIM","NÃO") -> NÃO
A150: 40 | B150: C | C150: 1 | D150: =IF(AND(C150>0,C150<=5),"SIM","NÃO") -> SIM | E150: =IF(OR(B150="A",B150="B",B150="C",B150="E"),"SIM","NÃO") -> SIM | F150: =IF(COUNTIFS($A$2:A150,A150,$B$2:B150,B150)<=2,"SIM","NÃO") -> NÃO | G150: =IF(AND(D150="SIM",E150="SIM",F150="SIM"),"SIM","NÃO") -> NÃO
A151: 41 | B151: C | C151: 3 | D151: =IF(AND(C151>0,C151<=5),"SIM","NÃO") -> SIM | E151: =IF(OR(B151="A",B151="B",B151="C",B151="E"),"SIM","NÃO") -> SIM | F151: =IF(COUNTIFS($A$2:A151,A151,$B$2:B151,B151)<=2,"SIM","NÃO") -> NÃO | G151: =IF(AND(D151="SIM",E151="SIM",F151="SIM"),"SIM","NÃO") -> NÃO
A152: 9 | B152: C | C152: 1 | D152: =IF(AND(C152>0,C152<=5),"SIM","NÃO") -> SIM | E152: =IF(OR(B152="A",B152="B",B152="C",B152="E"),"SIM","NÃO") -> SIM | F152: =IF(COUNTIFS($A$2:A152,A152,$B$2:B152,B152)<=2,"SIM","NÃO") -> NÃO | G152: =IF(AND(D152="SIM",E152="SIM",F152="SIM"),"SIM","NÃO") -> NÃO
A153: 10 | B153: C | C153: 3 | D153: =IF(AND(C153>0,C153<=5),"SIM","NÃO") -> SIM | E153: =IF(OR(B153="A",B153="B",B153="C",B153="E"),"SIM","NÃO") -> SIM | F153: =IF(COUNTIFS($A$2:A153,A153,$B$2:B153,B153)<=2,"SIM","NÃO") -> NÃO | G153: =IF(AND(D153="SIM",E153="SIM",F153="SIM"),"SIM","NÃO") -> NÃO
B154: E | C154: 5 | D154: =IF(AND(C154>0,C154<=5),"SIM","NÃO") -> SIM | E154: =IF(OR(B154="A",B154="B",B154="C",B154="E"),"SIM","NÃO") -> SIM | F154: =IF(COUNTIFS($A$2:A154,A154,$B$2:B154,B154)<=2,"SIM","NÃO") -> SIM | G154: =IF(AND(D154="SIM",E154="SIM",F154="SIM"),"SIM","NÃO") -> SIM
A155: 1 | B155: A | C155: 1 | D155: =IF(AND(C155>0,C155<=5),"SIM","NÃO") -> SIM | E155: =IF(OR(B155="A",B155="B",B155="C",B155="E"),"SIM","NÃO") -> SIM | F155: =IF(COUNTIFS($A$2:A155,A155,$B$2:B155,B155)<=2,"SIM","NÃO") -> SIM | G155: =IF(AND(D155="SIM",E155="SIM",F155="SIM"),"SIM","NÃO") -> SIM
A156: 2 | B156: A | C156: 1 | D156: =IF(AND(C156>0,C156<=5),"SIM","NÃO") -> SIM | E156: =IF(OR(B156="A",B156="B",B156="C",B156="E"),"SIM","NÃO") -> SIM | F156: =IF(COUNTIFS($A$2:A156,A156,$B$2:B156,B156)<=2,"SIM","NÃO") -> SIM | G156: =IF(AND(D156="SIM",E156="SIM",F156="SIM"),"SIM","NÃO") -> SIM
A157: 3 | B157: A | C157: 1 | D157: =IF(AND(C157>0,C157<=5),"SIM","NÃO") -> SIM | E157: =IF(OR(B157="A",B157="B",B157="C",B157="E"),"SIM","NÃO") -> SIM | F157: =IF(COUNTIFS($A$2:A157,A157,$B$2:B157,B157)<=2,"SIM","NÃO") -> SIM | G157: =IF(AND(D157="SIM",E157="SIM",F157="SIM"),"SIM","NÃO") -> SIM
A158: 4 | B158: A | C158: 5 | D158: =IF(AND(C158>0,C158<=5),"SIM","NÃO") -> SIM | E158: =IF(OR(B158="A",B158="B",B158="C",B158="E"),"SIM","NÃO") -> SIM | F158: =IF(COUNTIFS($A$2:A158,A158,$B$2:B158,B158)<=2,"SIM","NÃO") -> SIM | G158: =IF(AND(D158="SIM",E158="SIM",F158="SIM"),"SIM","NÃO") -> SIM
A159: 5 | B159: B | C159: 1 | D159: =IF(AND(C159>0,C159<=5),"SIM","NÃO") -> SIM | E159: =IF(OR(B159="A",B159="B",B159="C",B159="E"),"SIM","NÃO") -> SIM | F159: =IF(COUNTIFS($A$2:A159,A159,$B$2:B159,B159)<=2,"SIM","NÃO") -> NÃO | G159: =IF(AND(D159="SIM",E159="SIM",F159="SIM"),"SIM","NÃO") -> NÃO
A160: 6 | B160: B | C160: 5 | D160: =IF(AND(C160>0,C160<=5),"SIM","NÃO") -> SIM | E160: =IF(OR(B160="A",B160="B",B160="C",B160="E"),"SIM","NÃO") -> SIM | F160: =IF(COUNTIFS($A$2:A160,A160,$B$2:B160,B160)<=2,"SIM","NÃO") -> NÃO | G160: =IF(AND(D160="SIM",E160="SIM",F160="SIM"),"SIM","NÃO") -> NÃO
A161: 7 | B161: B | C161: 5 | D161: =IF(AND(C161>0,C161<=5),"SIM","NÃO") -> SIM | E161: =IF(OR(B161="A",B161="B",B161="C",B161="E"),"SIM","NÃO") -> SIM | F161: =IF(COUNTIFS($A$2:A161,A161,$B$2:B161,B161)<=2,"SIM","NÃO") -> SIM | G161: =IF(AND(D161="SIM",E161="SIM",F161="SIM"),"SIM","NÃO") -> SIM
A162: 8 | B162: B | C162: 4 | D162: =IF(AND(C162>0,C162<=5),"SIM","NÃO") -> SIM | E162: =IF(OR(B162="A",B162="B",B162="C",B162="E"),"SIM","NÃO") -> SIM | F162: =IF(COUNTIFS($A$2:A162,A162,$B$2:B162,B162)<=2,"SIM","NÃO") -> SIM | G162: =IF(AND(D162="SIM",E162="SIM",F162="SIM"),"SIM","NÃO") -> SIM
A163: 9 | B163: C | C163: 1 | D163: =IF(AND(C163>0,C163<=5),"SIM","NÃO") -> SIM | E163: =IF(OR(B163="A",B163="B",B163="C",B163="E"),"SIM","NÃO") -> SIM | F163: =IF(COUNTIFS($A$2:A163,A163,$B$2:B163,B163)<=2,"SIM","NÃO") -> NÃO | G163: =IF(AND(D163="SIM",E163="SIM",F163="SIM"),"SIM","NÃO") -> NÃO
A164: 10 | B164: C | C164: 3 | D164: =IF(AND(C164>0,C164<=5),"SIM","NÃO") -> SIM | E164: =IF(OR(B164="A",B164="B",B164="C",B164="E"),"SIM","NÃO") -> SIM | F164: =IF(COUNTIFS($A$2:A164,A164,$B$2:B164,B164)<=2,"SIM","NÃO") -> NÃO | G164: =IF(AND(D164="SIM",E164="SIM",F164="SIM"),"SIM","NÃO") -> NÃO
A165: 11 | B165: A | C165: 3 | D165: =IF(AND(C165>0,C165<=5),"SIM","NÃO") -> SIM | E165: =IF(OR(B165="A",B165="B",B165="C",B165="E"),"SIM","NÃO") -> SIM | F165: =IF(COUNTIFS($A$2:A165,A165,$B$2:B165,B165)<=2,"SIM","NÃO") -> NÃO | G165: =IF(AND(D165="SIM",E165="SIM",F165="SIM"),"SIM","NÃO") -> NÃO
A166: 12 | B166: A | C166: 2 | D166: =IF(AND(C166>0,C166<=5),"SIM","NÃO") -> SIM | E166: =IF(OR(B166="A",B166="B",B166="C",B166="E"),"SIM","NÃO") -> SIM | F166: =IF(COUNTIFS($A$2:A166,A166,$B$2:B166,B166)<=2,"SIM","NÃO") -> NÃO | G166: =IF(AND(D166="SIM",E166="SIM",F166="SIM"),"SIM","NÃO") -> NÃO
... A234: 1 | B234: A | C234: 4 | D234: =IF(AND(C234>0,C234<=5),"SIM","NÃO") -> SIM | E234: =IF(OR(B234="A",B234="B",B234="C",B234="E"),"SIM","NÃO") -> SIM | F234: =IF(COUNTIFS($A$2:A234,A234,$B$2:B234,B234)<=2,"SIM","NÃO") -> NÃO | G234: =IF(AND(D234="SIM",E234="SIM",F234="SIM"),"SIM","NÃO") -> NÃO

Sheet Resultados por carteira
A1: Carteira | B1: CD_USU | C1: Média | D1: Pontuação da Média | E1: Quantidade de avaliações | F1: Pontuação por quantidade | G1: Realizado
A2: 1 | B2: A | C2: =AVERAGEIFS('Base de dados'!C:C,'Base de dados'!B:B,B2,'Base de dados'!G:G,"SIM") -> 1.5121951 | D2: =IF(C2<=1,150,IF(C2<=2,300,IF(C2<=3,450,IF(C2<=4,600,750)))) -> 300 | E2: =COUNTIFS('Base de dados'!B:B,B2,'Base de dados'!G:G,"SIM") -> 41 | F2: =IF(E2<=5,150,IF(E2<=10,300,IF(E2<=11,450,IF(E2<=13,600,750)))) -> 750 | G2: =SUM(D2,F2) -> 1050
A3: 2 | B3: E | C3: =AVERAGEIFS('Base de dados'!C:C,'Base de dados'!B:B,B3,'Base de dados'!G:G,"SIM") -> 3.2 | D3: =IF(C3<=1,150,IF(C3<=2,300,IF(C3<=3,450,IF(C3<=4,600,750)))) -> 600 | E3: =COUNTIFS('Base de dados'!B:B,B3,'Base de dados'!G:G,"SIM") -> 30 | F3: =IF(E3<=5,150,IF(E3<=10,300,IF(E3<=11,450,IF(E3<=13,600,750)))) -> 750 | G3: =SUM(D3,F3) -> 1350
A4: 3 | B4: B | C4: =AVERAGEIFS('Base de dados'!C:C,'Base de dados'!B:B,B4,'Base de dados'!G:G,"SIM") -> 4.7241379 | D4: =IF(C4<=1,150,IF(C4<=2,300,IF(C4<=3,450,IF(C4<=4,600,750)))) -> 750 | E4: =COUNTIFS('Base de dados'!B:B,B4,'Base de dados'!G:G,"SIM") -> 29 | F4: =IF(E4<=5,150,IF(E4<=10,300,IF(E4<=11,450,IF(E4<=13,600,750)))) -> 750 | G4: =SUM(D4,F4) -> 1500
A5: 4 | B5: C | C5: =AVERAGEIFS('Base de dados'!C:C,'Base de dados'!B:B,B5,'Base de dados'!G:G,"SIM") -> 2.9285714 | D5: =IF(C5<=1,150,IF(C5<=2,300,IF(C5<=3,450,IF(C5<=4,600,750)))) -> 450 | E5: =COUNTIFS('Base de dados'!B:B,B5,'Base de dados'!G:G,"SIM") -> 42 | F5: =IF(E5<=5,150,IF(E5<=10,300,IF(E5<=11,450,IF(E5<=13,600,750)))) -> 750 | G5: =SUM(D5,F5) -> 1200
A6: 5 | B6: D | C6: Não se aplica | D6: Não elegível | E6: Não elegível | F6: Não elegível | G6: Não elegível

Sheet Resultado da agência
A1: Carteiras válidas consideradas | B1: Realizado pela agência
A2: 4 | B2: =AVERAGE('Resultados por carteira'!G2:G5) -> 1275
